section,question,source,tag_lv0,tag_lv1,tag_plus,cnt_chosen,avg_res_time
experience,Describe a difficult bug you were tasked with fixing in a large application. How did you debug the issue?,bank,programming,perspective,SE,0,2
knowledge,How do you explain technical challenges to a stakeholder or partner who does not have technical knowledge or backgrounds?,bank,programming,perspective,SE,0,2
experience,Which project management tools do you feel are most useful in your role as a software engineer?,bank,programming,perspective,SE,0,2
expertise,What are your thoughts on software testing?,bank,programming,perspective,SE,0,2
programmingskill,"Agile, Scrum, XP, PRINCE2, Lean. Have you ever worked using any of these project methodologies? Which is your favorite and why?",bank,programming,perspective,SE,0,2
personality,Which specific software engineering trends interest you the most?,bank,programming,perspective,SE,0,2
experience,How do you handle project management? Which steps do you use?,bank,programming,perspective,SE,0,2
experience,What development methodologies are you comfortable following?,bank,programming,perspective,SE,0,2
knowledge,What is the difference between the QA and software testing?,bank,programming,perspective,SE,0,2
knowledge,What is the software development life cycle? What are the differences between them? ,bank,programming,perspective,SE,0,2
knowledge,What are CASE tools?,bank,programming,perspective,SE,0,2
knowledge,What are Verification and Validation?,bank,programming,perspective,SE,0,2
knowledge,Define black box testing and white box testing?,bank,programming,perspective,SE,0,2
knowledge,Explain the concept of modularization.,bank,programming,perspective,SE,0,2
knowledge,What are functional and non-functional requirements?,bank,programming,perspective,SE,0,2
intro,Nice to meet you. Please introduce yourself briefly in 1minute.,bank,general,introduction,ALL,0,2
intro,Please describe your skills and abilities based on the requirements listed in our job description.,bank,general,introduction,ALL,0,2
programmingskill,"Of all the programming languages you have ever learned, please describe the most difficult programming language to learn and why.",bank,programming,perspective,ALL,0,2
programmingskill,What programming language do you find comfortable to use for data analysis? Why?,bank,programming,perspective,ALL,0,2
programmingskill,Do you have your own know-how to quickly learn a programming language you are new to?,bank,programming,perspective,ALL,0,2
experience,What was the most challengeing project you involved and what was your role in that project? Why was it challenging?,bank,project,difficulty,ALL,0,2
experience,Are there any insights or perspectives gained through many projects?,bank,project,perspective,ALL,0,2
experience,Describe the process of selecting the model architecture for one of your projects.,bank,project,process,DS,0,2
experience,"If you could change one thing about a specific data science project you have worked on, what would it be and why?",bank,project,process,DS,0,2
experience,Tell me about a time you had to start a new project or an initiative without a lot of data or experience to develop a strategy with.,bank,project,process,DS,0,2
experience,Do you have experience dealing with data with many missing values? how did you handle it?,bank,experience,difficulty,DS,0,2
experience,Describe what steps you take to ensure accuracy and quality in all your projects. Give me an example.,bank,project,management,DS,0,2
experience,"Think back to a data project you have worked on where you encountered a problem or challenge. What was the situation, what was the obstacle, and how did you overcome it?",bank,project,difficulty,ALL,0,2
experience,How have you handled conflicts within a project team you are leading? How did you handle it?,bank,project,management,ALL,0,2
experience,Describe a long-term project that you kept on track. How did you keep everything moving?,bank,project,management,ALL,0,2
experience,Describe a time when you worked with a team to create a project on a tight budget. What did you have to prioritize?,bank,project,management,ALL,0,2
experience,What tools did you use in your last project and why?,bank,project,programming,ALL,0,2
experience,Give me an example of a time when you were able to successfully persuade someone at work to see things your way.,bank,experience,communication,ALL,0,2
experience,Tell me about your proudest professional accomplishment.,bank,experience,difficulty,ALL,0,2
experience,What is the most challenging issue you have experienced in your previous role? How did you resolve it?,bank,experience,difficulty,ALL,0,2
experience,Please recall a situation when you had to handle sensitive information. How did you approach the situation?,bank,experience,difficulty,DS,0,2
experience,Describe a time when you saw a problem and took the initiative to correct it.,bank,experience,motivation,ALL,0,2
experience,Tell me about a time you demonstrated leadership skills.,bank,experience,leadership,ALL,0,2
experience,How has your education prepared you for a data scientist role with our company?,bank,experience,education,ALL,0,2
experience,Provide an example of a decision that you made that you now realize was a poor decision. What happened? What did you do?,bank,experience,difficulty,ALL,0,2
experience,Talk about an algorithm you built or used recently. Why did you choose that alogirthm?,bank,experience,technical,DS,0,2
experience,Tell me about the most innovative solution that you have developed.,bank,experience,achivement,ALL,0,2
experience,Tell me about a time you failed.  What did you learn?  How did you deal with communicating the problem to your team?,bank,experience,difficulty,ALL,0,2
personality,"How do you stay current with trends, new technologies, and techniques in data science?",bank,management,trend,DS,0,2
personality,Describe a time when you had a disagreement with a senior over a project. How did you handle it?,bank,management,conflict,ALL,0,2
personality,Have you ever had conflicts with other team members? How did you handle it?,bank,management,conflict,ALL,0,2
personality,Some people like to carefully read and digest material before applying while others quickly learn and apply what they have read. How would you categorize yourself? Can you give an example?,bank,disposition,approach,ALL,0,2
personality,Some people research and study before acting while others move forward based on the information already available. Which way do you tend to go? ,bank,disposition,approach,ALL,0,2
personality,Can you describe a time in your life when you got really excited at work? What happened? Was this a typical response for you?,bank,enthusiasm,preference,ALL,0,2
personality,Some people feel that they are in control of their advancement while others feel that the situation determines advancement. Can you give an example of a past experience that demonstrates your belief?,bank,motivation,perspective,ALL,0,2
personality,Why did you opt for a data science career?,bank,motivation,goal,DS,0,2
personality,Do you prefer to work alone or as a part of a team of Data Scientists?,bank,disposition,team,DS,0,2
personality,Tell me about a time your responsibilities got a little overwhelming. What did you do?,bank,management,difficulty,ALL,0,2
personality,What made you want to leave your last(or current) job?,bank,motivation,goal,ALL,0,2
personality,What's your approach for managing and meeting tight deadlines?,bank,management,difficulty,ALL,0,2
personality,Tell me about a time you needed to get information from someone who wasn't very responsive. What did you do?,bank,management,difficulty,ALL,0,2
personality,Tell me about a time you set a goal for yourself. How did you go about ensuring that you would meet your objective?,bank,management,difficulty,ALL,0,2
personality,If you encountered a tedious or boring task how will you motivate yourself to complete it?,bank,motivation,difficulty,ALL,0,2
personality,Who do you think is our biggest competitor? What differentiates our companies?,bank,understanding,trend,ALL,0,2
personality,"When you have entered a new workplace in the past, describe how you have gone about meeting and developing relationships with your new coworker and supervisors.",bank,management,difficulty,ALL,0,2
personality,How would your boss and coworkers describe you?,bank,disposition,trait,ALL,0,2
personality,What is your concept of a positive work environment?,bank,motivation,perspective,ALL,0,2
personality,How do you deal with pressure or stressful situations?,bank,disposition,approach,ALL,0,2
personality,What is your approach to problem-solving? Give an example of where your approach has been effective.,bank,management,difficulty,ALL,0,2
personality,Tell me about a data professional you have worked with whom you really admired. What specifically do you admire about them?,bank,motivation,perspective,DS,0,2
personality,Describe a time when you gave constructive feedback to a team member. How do you deliver negative feedback?,bank,management,communication,ALL,0,2
personality,What career goals do you have? How do you plan to achieve them?,bank,motivation,perspective,ALL,0,2
expertise,What are some unique skills that you can bring to the team as a data scientist?,bank,speciality,skill,DS,0,2
expertise,"When you are assigned multiple projects at the same time, how best do you organize your time?",bank,management,multitask,ALL,0,2
expertise,How do you ensure members of a team you are leading work together as a unit and also cooperate with you on the project?,bank,management,leadership,ALL,0,2
expertise,Describe how you would handle a datascience project to resolve a situation where a food delivery company's delivery team could not make a delivery on time.,bank,problem solving,approach,DS,0,2
expertise,"When you handle an important project that requires systematic data acquisition and accurate analysis, what steps do you take? Give a specific example of a situation from your work experience.",bank,problem solving,approach,DS,0,2
expertise,Why boosting is a more stable algorithm as compared to other ensemble algorithms?,bank,comprehension,concept,DS,0,2
expertise,Several loss functions are available for model fitting. Please explain the limitations of the loss function when fitting the model with the gradient descent method.,bank,comprehension,concept,DS,0,2
expertise,Please explain the available models and their pros and cons for classification problem in tabular setting.,bank,comprehension,concept,DS,0,2
expertise,How do you deal with sparsity issues in recommendation systems? How do you measure its effectiveness? Explain. ,bank,comprehension,concept,DS,0,2
expertise,Tell me about a time that you got unexpected results? How did you test the validity of those results?,bank,problem solving,approach,DS,0,2
expertise,Mention why feature engineering is important in model building and list out some of the techniques used for feature engineering.,bank,comprehension,concept,DS,0,2
expertise,How would you handle an imbalanced dataset? Explain with your experience.,bank,problem solving,approach,DS,0,2
expertise,"Explain how to model given x, y pairs data in a situation where they are not independent of each other with an example.",bank,problem solving,approach,DS,0,2
expertise,How can you ensure that you don't analyze something that ends up producing meaningless results?,bank,problem solving,approach,DS,0,2
expertise,On a simplified and fundamental scale what makes the newly developed BERT model better than traditional NLP models,bank,comprehension,concept,DS,0,2
expertise,What can you bring to our company?,bank,speciality,skill,ALL,0,2
expertise,Tell me about a technical trend that's caught your eye. What about it interests you?,bank,comprehension,trend,ALL,0,2
expertise,What is your greatest professional achievement?,bank,speciality,skill,ALL,0,2
expertise,What is Transfer Learning? When should it be used?,bank,problem solving,approach,DS,0,2
expertise,Explain what is multi-task learning when should it be used.,bank,problem solving,approach,DS,0,2
knowledge,What's the difference between support a vector machine and logistic regression? Please provide examples of situations where you would choose to use one rather than the other.,bank,knowledge,technical,DS,0,2
knowledge,Give a simple mathematical argument why a mini-batch version of such ML algorithm might be computationally more efficient than a training with full data set,bank,knowledge,technical,DS,0,2
knowledge,"Give examples in which a many-to-one RNN architecture is appropriate, Give examples in which a many-to-one RNN architecture is appropriate",bank,knowledge,technical,DS,0,2
knowledge,How can we use CNN for text classification,bank,knowledge,technical,DS,0,2
knowledge,Define Term Freuency & Inverse Document Freuency TF-ID and how to use it for converting text to vector,bank,knowledge,technical,DS,0,2
knowledge,Describe the architecture of a typical Convolutional Neural Network,bank,knowledge,technical,DS,0,2
knowledge,Describe the structure of Artificial Neural Networks & RNN(recurrent neural network),bank,knowledge,technical,DS,0,2
knowledge,Describe two ways to visualize features of a CNN in an image classification task,bank,knowledge,technical,DS,0,2
knowledge,Describe difference between Vanishing gradient Vs Exploding gradient,bank,knowledge,technical,DS,0,2
knowledge,"Describe difference between various Activation functions such as Sigmoid , tanh, Softmax, ReLU, Leaky ReLU",bank,knowledge,technical,DS,0,2
knowledge,Do gradient descent methods always converge at the same point,bank,knowledge,technical,DS,0,2
knowledge,Explain the difference between Lasso and Ridge,bank,knowledge,technical,DS,0,2
knowledge,What¡¯s the difference between probability and likelihood?,bank,knowledge,technical,DS,0,2
knowledge,What do the terms prior probability and marginal likelihood in context of Naive Bayes theorem mean?,bank,knowledge,technical,DS,0,2
knowledge,What is the difference between a generative and discriminative model?,bank,knowledge,technical,DS,0,2
knowledge,"How do you explain (e.g., p-value, confidence interval) this to non-technical but super important people?",bank,knowledge,technical,DS,0,2
knowledge,What are autoencoders? Explain the different layers of autoencoders and mention three practical usages of them,bank,knowledge,technical,DS,0,2
knowledge,What is gradient descent? How does it work?,bank,knowledge,technical,DS,0,2
knowledge,Explain the difference between an epoch a batch and an iteration.,bank,knowledge,technical,DS,0,2
knowledge,What is the difference between NLP and NLU?,bank,knowledge,technical,DS,0,2
knowledge,"Explain how you get sentence meanings from word embeddings, considering the position of words in the sentence.",bank,knowledge,technical,DS,0,2
knowledge,Explain how does an LSTM Network Work.,bank,knowledge,technical,DS,0,2
knowledge,Explain how does batch size affect training of neural networks.,bank,knowledge,technical,DS,0,2
knowledge,Explain how does BatchNormalization differ in training and inferencing.,bank,knowledge,technical,DS,0,2
knowledge,Explain how does CNN help in translation and rotation invariance of images.,bank,knowledge,technical,DS,0,2
knowledge,Expalin how large should be N for our bag of words when using N-grams.,bank,knowledge,technical,DS,0,2
knowledge,Expalin how to handle dying node problems in case of ReLU activation function.,bank,knowledge,technical,DS,0,2
knowledge,Expalin how to handle exploding gradient problem.,bank,knowledge,technical,DS,0,2
knowledge,Expalin how to know whether your model is suffering from the problem of Exploding Gradients.,bank,knowledge,technical,DS,0,2
knowledge,How would you choose the number of filters and the filter size at each CNN layer?,bank,knowledge,technical,DS,0,2
knowledge,How would you initialize weights in a neural network?,bank,knowledge,technical,DS,0,2
knowledge,Is the dropout technique used on the test set?,bank,knowledge,technical,DS,0,2
knowledge,What are some advantages in using a CNN(convolutional neural network) rather than a DNN(dense neural network) in an image classification task,bank,knowledge,technical,DS,0,2
knowledge,Suppose you have a NN with layers and ReLU activations What will happen if we initialize all the weights with the same value,bank,knowledge,technical,DS,0,2
knowledge,What are some advantages of using character embeddings instead of word embeddings,bank,knowledge,technical,DS,0,2
knowledge,What are the advantages and disadvantages of bag of words,bank,knowledge,technical,DS,0,2
knowledge,What are the advantages and disadvantages of SGD over gradient descent,bank,knowledge,technical,DS,0,2
knowledge,What are the advantages of parameter sharing in case of convolution,bank,knowledge,technical,DS,0,2
knowledge,What are the main assumptions of linear regression?,bank,knowledge,technical,DS,0,2
knowledge,How do we check if a variable follows the normal distribution?,bank,knowledge,technical,DS,0,2
knowledge,What if we want to build a model for predicting prices? Are prices distributed normally? Do we need to do any pre-processing for prices?,bank,knowledge,technical,DS,0,2
knowledge,Which metrics for evaluating regression models do you know? ,bank,knowledge,technical,DS,0,2
knowledge,For online learning which one would you prefer SGD or Adagrad and why,bank,knowledge,technical,DS,0,2
knowledge,What Is a Multi-layer Perceptron MLPWhat Is a Multi-layer Perceptron MLP,bank,knowledge,technical,DS,0,2
knowledge,What do you understand by Boltzmann Machine and Restricted Boltzmann Machines,bank,knowledge,technical,DS,0,2
knowledge,What can go wrong if we use a linear activation instead of ReLU,bank,knowledge,technical,DS,0,2
knowledge,Is logistic regression a linear model? Why?,bank,knowledge,technical,DS,0,2
knowledge,How do you select important variables while working on a data set?,bank,knowledge,technical,DS,0,2
knowledge,"There are many machine learning algorithms till now. If given a data set, how can one determine which algorithm to be used for that?",bank,knowledge,technical,DS,0,2
knowledge,How are covariance and correlation different from one another?,bank,knowledge,technical,DS,0,2
knowledge,State the differences between causality and correlation?,bank,knowledge,technical,DS,0,2
knowledge,A data set is given to you and it has missing values which spread along 1 standard deviation from the mean. How much of the data would remain untouched?,bank,knowledge,technical,DS,0,2
knowledge,"If your dataset is suffering from high variance, how would you handle it?",bank,knowledge,technical,DS,0,2
knowledge,"A data set is given to you about utilities fraud detection. You have built a classifier model and achieved a performance score of 98.5%. Is this a goodmodel? If yes, justify. If not, what can you do about it?",bank,knowledge,technical,DS,0,2
knowledge,Why is rotation of components so important in Principle Component Analysis (PCA)?,bank,knowledge,technical,DS,0,2
knowledge,Can you explain what are the Dropout and Batch Normalization and when to use?,bank,technical,concept,DS,0,2
knowledge,Can you explain the advantages and disadvantages of XGBoost?,bank,technical,concept,DS,0,2
knowledge,List all assumptions for data to be met before starting with linear regression.,bank,technical,concept,DS,0,2
knowledge,Please explain what the trade off between bias and variance of estimator is.,bank,technical,concept,DS,0,2
knowledge,Please explain what ERM(Empirical Risk Minimization) approach is.,bank,technical,concept,DS,0,2
knowledge,Please explain what PAC (Probably Approximately Correct) learning is.,bank,technical,concept,DS,0,2
knowledge,What are MSE and RMSE?,bank,technical,concept,DS,0,2
knowledge,What is the bias-variance trade-off?,bank,technical,concept,DS,0,2
knowledge,What is overfitting?,bank,technical,concept,DS,0,2
knowledge,How to validate your models?,bank,technical,concept,DS,0,2
knowledge,"Why do we need to split our data into three parts: train, validation, and test?",bank,technical,concept,DS,0,2
knowledge,Can you explain how cross-validation works?,bank,technical,concept,DS,0,2
knowledge,What is the difference between LSTM and GRU,bank,technical,concept,DS,0,2
knowledge,What is the difference between machine learning and deep learning,bank,technical,concept,DS,0,2
knowledge,What is the difference between online and batch learning,bank,technical,concept,DS,0,2
knowledge,"What is the difference between stochastic gradient descent SGD and gradient descent GD, Batch gradient descent, Stochastic gradient descent, Mini-batch gradient descent , what are the pros and cons for each of them",bank,technical,concept,DS,0,2
knowledge,What is the main difference between Adam and SGD,bank,technical,concept,DS,0,2
knowledge,What is the range of activation functions,bank,technical,concept,DS,0,2
knowledge,What is the R-Suared value,bank,technical,concept,DS,0,2
knowledge,What is the use of the leaky ReLU function,bank,technical,concept,DS,0,2
knowledge,What is vanishing gradient descent,bank,technical,concept,DS,0,2
knowledge,what is WordVec,bank,technical,concept,DS,0,2
knowledge,What problem does Bi-LSTM solve instead of only LSTM,bank,technical,concept,DS,0,2
knowledge,"When using mini batch gradient descent, why is it important to shuffle the data",bank,technical,concept,DS,0,2
knowledge,When would you use GD over SDG and vice-versa,bank,technical,concept,DS,0,2
knowledge,which one is more powerful a layer decision tree or a -layer neural network without any activation function --> Hint non-linearity,bank,technical,concept,DS,0,2
knowledge,Why do segmentation CNNs typically have an encoder-decoder style / structure,bank,technical,concept,DS,0,2
knowledge,Why do we use convolutions for images rather than just Fully Connected layers,bank,technical,concept,DS,0,2
knowledge,Why don't we use the Relu activation function in the output layer,bank,technical,concept,DS,0,2
knowledge,Why is Rectified Linear Unit a good activation function,bank,technical,concept,DS,0,2
knowledge,Why large filter sizes in early layers can be a bad choice How to choose filter size,bank,technical,concept,DS,0,2
knowledge,Why Sigmoid or Tanh is not preferred to be used as the activation function in the hidden layer of the neural network,bank,technical,concept,DS,0,2
knowledge,Why Tanh activation function preferred over sigmoid,bank,technical,concept,DS,0,2
knowledge,Why we generally use Softmax non-linearity function as the last operation in-network,bank,technical,concept,DS,0,2
knowledge,Why weights are initialized with small random numbers in a neural network What happens when weights are all or constant values,bank,technical,concept,DS,0,2
knowledge,Why would you use many small convolutional kernels such as x rather than a few large onesWhy would you use many small convolutional kernels such as x rather than a few large ones,bank,technical,concept,DS,0,2
knowledge,Would you prefer gradient boosting trees model or logistic regression when doing text classification with bag of words,bank,technical,concept,DS,0,2
knowledge,What are Recommender Systems,bank,technical,concept,DS,0,2
knowledge,Undersampling vs Oversampling,bank,technical,concept,DS,0,2
knowledge,What is reinforcement learning,bank,technical,concept,DS,0,2
knowledge,Do we call Knn a lazy algorithm,bank,technical,concept,DS,0,2
knowledge,Define a Monte Carlo simulation,bank,technical,concept,DS,0,2
knowledge,Does Kmeans and Kmeans++ is same,bank,technical,concept,DS,0,2
knowledge,What is pruning in Decision Tree,bank,technical,concept,DS,0,2
knowledge,How does an XGB control overfitting,bank,technical,concept,DS,0,2
knowledge,What is the class imbalance problem,bank,technical,concept,DS,0,2
knowledge,Why is lightGBM prone to overfitting,bank,technical,concept,DS,0,2
knowledge,Name any one distance based algorithm,bank,technical,concept,DS,0,2
knowledge,What is the objective function for Knn,bank,technical,concept,DS,0,2
knowledge,What is the standard error of the mean,bank,technical,concept,DS,0,2
knowledge,What are some disadvantages of K-means,bank,technical,concept,DS,0,2
knowledge,What is data augmentation Give examples,bank,technical,concept,DS,0,2
knowledge,What is Euclidean and Manhatten distance,bank,technical,concept,DS,0,2
knowledge,What is the role of gamma in RBF kernels,bank,technical,concept,DS,0,2
knowledge,How would you handle an imbalanced dataset,bank,technical,concept,DS,0,2
knowledge,Is it a good idea to combine multiple trees,bank,technical,concept,DS,0,2
knowledge,How do support vector machine algorithms work,bank,technical,concept,DS,0,2
knowledge,What is the significance of Residual Networks,bank,technical,concept,DS,0,2
knowledge,What does it mean to have low MAE and high MSE,bank,technical,concept,DS,0,2
knowledge,What are the disadvantages of linear regression,bank,technical,concept,DS,0,2
knowledge,What is a recommendation engine How does it work,bank,technical,concept,DS,0,2
knowledge,What is K-means How can you select K for K-means,bank,technical,concept,DS,0,2
knowledge,Does Radial basis kernel function is there in SVM,bank,technical,concept,DS,0,2
knowledge,What is linear regression Why is it called linear,bank,technical,concept,DS,0,2
knowledge,Is pruning always a good method to construct a tree,bank,technical,concept,DS,0,2
knowledge,What is the difference between bagging and boosting,bank,technical,concept,DS,0,2
knowledge,Which algorithm uses margin to classify the classes,bank,technical,concept,DS,0,2
knowledge,What algorithm can be used to summarize twitter feed,bank,technical,concept,DS,0,2
knowledge,How do you generate arbitrary or random shape clusters,bank,technical,concept,DS,0,2
knowledge,How to compute standard error of median in a simple way,bank,technical,concept,DS,0,2
knowledge,How does GBDTs decide to split a node What does it minimize,bank,technical,concept,DS,0,2
knowledge,What is the difference between R-suare and Adjusted R-suare,bank,technical,concept,DS,0,2
knowledge,How is matrix factorization useful in recommendation systems,bank,technical,concept,DS,0,2
knowledge,What are the approximation methods in Reinforcement Learning,bank,technical,concept,DS,0,2
knowledge,What is the difference between an error and a residual error,bank,technical,concept,DS,0,2
knowledge,Why does training an SVM takes a long time How can I speed up,bank,technical,concept,DS,0,2
knowledge,Difference between bagging boosting and the relation to bayes theorem,bank,technical,concept,DS,0,2
knowledge,Which algorithm takes the data to the next dimension and then classify,bank,technical,concept,DS,0,2
knowledge,What are categorical variables and what do we do with categorical variables,bank,technical,concept,DS,0,2
knowledge,What is linear regression? When do we use it?,bank,technical,concept,DS,0,2
knowledge,What is classification? Which models would you use to solve a classification problem?,bank,technical,concept,DS,0,2
knowledge,What is SGD ? stochastic gradient descent? What's the difference with the usual gradient descent?,bank,technical,concept,DS,0,2
knowledge,What is Adam? What's the main difference between Adam and SGD?,bank,technical,concept,DS,0,2
knowledge,What's singular value decomposition? How is it typically used for machine learning?,bank,technical,concept,DS,0,2
knowledge,Why do we actually need convolutions? Can't we use fully-connected layers for that?,bank,technical,concept,DS,0,2
knowledge,What are word embeddings? Why are they useful? Do you know Word2Vec?,bank,technical,concept,DS,0,2
knowledge,What is bag of words? How we can use it for text classification?,bank,technical,concept,DS,0,2
knowledge,What is TF-IDF? How is it useful for text classification?,bank,technical,concept,DS,0,2
knowledge,What is the ranking problem? Which models can you use to solve them?,bank,technical,concept,DS,0,2
knowledge,What is object detection? Do you know any architectures for that?,bank,technical,concept,DS,0,2
knowledge,What is object segmentation? Do you know any architectures for that?,bank,technical,concept,DS,0,2
knowledge,What is ReLU? How is it better than sigmoid or tanh?,bank,technical,concept,DS,0,2
knowledge,How would you evaluate your ranking algorithms? Which offline metrics would you use?,bank,technical,concept,DS,0,2
knowledge,What is backpropagation? How does it work? Why do we need it?,bank,technical,concept,DS,0,2
knowledge,How does max pooling work? Are there other pooling techniques?,bank,technical,concept,DS,0,2
knowledge,What is dropout? Why is it useful? How does it work?,bank,technical,concept,DS,0,2
knowledge,What is the confusion table? What are the cells in this table?,bank,technical,concept,DS,0,2
knowledge,"If there's a trend in our series, how we can remove it? And why would we want to do it?",bank,technical,concept,DS,0,2
knowledge,You have a series with a variable ?œy??and a set of features. How do you predict ?œy??at t+1? Which approaches would you use?,bank,technical,concept,DS,0,2
knowledge,When do we need to perform feature normalization for linear models? When it's okay not to do it?,bank,technical,concept,DS,0,2
knowledge,What's the difference between grid search parameter tuning strategy and random search? When to use one or another?,bank,technical,concept,DS,0,2
knowledge,What is logistic regression? When do we need to use it?,bank,technical,concept,DS,0,2
knowledge,What is the curse of dimensionality? Why do we care about it?,bank,technical,concept,DS,0,2
knowledge,What is the area under the PR curve? Is it a useful metric?,bank,technical,concept,DS,0,2
knowledge,How do we choose K in K-fold cross-validation? What's your favorite K?,bank,technical,concept,DS,0,2
knowledge,What are N-grams? How can we use them?,bank,technical,concept,DS,0,2
knowledge,What are augmentations? Why do we need them?,bank,technical,concept,DS,0,2
knowledge,What is clustering? When do we need it?,bank,technical,concept,DS,0,2
knowledge,What's pooling in CNN? Why do we need it?,bank,technical,concept,DS,0,2
knowledge,Is it easy to parallelize training of a random forest model? How can we do it?,bank,technical,concept,DS,0,2
knowledge,What is feature selection? Why do we need it?,bank,technical,concept,DS,0,2
knowledge,What is regression? Which models can you use to solve a regression problem?,bank,technical,concept,DS,0,2
knowledge,What is regularization? Why do we need it?,bank,technical,concept,DS,0,2
knowledge,What is transfer learning? How does it work?,bank,technical,concept,DS,0,2
knowledge,What is AUC (AU ROC)? When to use it?,bank,technical,concept,DS,0,2
knowledge,What is sigmoid? What does it do?,bank,technical,concept,DS,0,2
knowledge,What is the ROC curve? When to use it?,bank,technical,concept,DS,0,2
personality,Explain three different types of activation functions,bank,technical,concept,DS,0,2
personality,Explain why dropout in a neural network acts as a regularizer,bank,technical,concept,DS,0,2
knowledge,What is PoS Tagging,bank,technical,concept,DS,0,2
knowledge,What is tokenization,bank,technical,concept,DS,0,2
knowledge,What is topic modeling,bank,technical,concept,DS,0,2
knowledge,What is back propagation,bank,technical,concept,DS,0,2
knowledge,What is the idea behind GANs,bank,technical,concept,DS,0,2
knowledge,What is the Computational Graph,bank,technical,concept,DS,0,2
knowledge,What is sigmoid What does it do,bank,technical,concept,DS,0,2
knowledge,What is Named-Entity Recognition,bank,technical,concept,DS,0,2
knowledge,Explain the masked language model,bank,technical,concept,DS,0,2
knowledge,How do you preprocess text in NLP,bank,technical,concept,DS,0,2
knowledge,How do you extract features in NLP,bank,technical,concept,DS,0,2
knowledge,How is wordvec different from Glove,bank,technical,concept,DS,0,2
knowledge,What Are the Different Layers on CNN,bank,technical,concept,DS,0,2
knowledge,What makes CNNs translation invariant,bank,technical,concept,DS,0,2
knowledge,How is fastText different from wordvec,bank,technical,concept,DS,0,2
knowledge,Explain Generative Adversarial Network,bank,technical,concept,DS,0,2
knowledge,What is backward and forward propagation,bank,technical,concept,DS,0,2
knowledge,What are Syntactic and Semantic Analysis,bank,technical,concept,DS,0,2
knowledge,What is a local optimumWhat is a local optimum,bank,technical,concept,DS,0,2
knowledge,Explain gates used in LSTM with their functions,bank,technical,concept,DS,0,2
knowledge,What is ReLU How is it better than sigmoid or tanh,bank,technical,concept,DS,0,2
knowledge,What is SGD ??? stochastic gradient descent? What's the difference with the usual gradient descent?,bank,technical,concept,DS,0,2
spare,Why do you want this job?,bank,All Positions,general,need_to_modify,0,2
spare,What are your greatest strengths?,bank,All Positions,general,need_to_modify,0,2
spare,What do you consider to be your weaknesses?,bank,All Positions,general,need_to_modify,0,2
spare,What's a time you disagreed with a decision that was made at work?,bank,All Positions,general,need_to_modify,0,2
spare,How do you stay organized?,bank,All Positions,general,need_to_modify,0,2
spare,How do you like to be managed?,bank,All Positions,general,need_to_modify,0,2
spare,Do you consider yourself successful?,bank,All Positions,general,need_to_modify,0,2
spare,Where do you see yourself in five years?,bank,All Positions,general,need_to_modify,0,2
spare,How do you plan to achieve your career goals?,bank,All Positions,general,need_to_modify,0,2
spare,What are your career aspirations?,bank,All Positions,general,need_to_modify,0,2
spare,What's your dream job?,bank,All Positions,general,need_to_modify,0,2
spare,What other companies are you interviewing with?,bank,All Positions,general,need_to_modify,0,2
spare,What makes you unique?,bank,All Positions,general,need_to_modify,0,2
spare,What should I know that's not on your resume?,bank,All Positions,general,need_to_modify,0,2
spare,What would your first few months look like in this role?,bank,All Positions,general,need_to_modify,0,2
spare,What are your salary expectations?,bank,All Positions,general,need_to_modify,0,2
spare,What do you think we could do better or differently?,bank,All Positions,general,need_to_modify,0,2
spare,When can you start?,bank,All Positions,general,need_to_modify,0,2
spare,Are you willing to relocate?,bank,All Positions,general,need_to_modify,0,2
spare,How many tennis balls can you fit into a limousine?,bank,All Positions,general,need_to_modify,0,2
spare,"If you were an animal, which one would you want to be?",bank,All Positions,general,need_to_modify,0,2
spare,Sell me this pen.,bank,All Positions,general,need_to_modify,0,2
spare,Is there anything else you?™d like us to know?,bank,All Positions,general,need_to_modify,0,2
spare,Do you have any questions for us?,bank,All Positions,general,need_to_modify,0,2
spare,team,bank,All Positions,general,need_to_modify,0,2
spare,Give me an example of a time you managed numerous responsibilities. How did you handle that?,bank,All Positions,general,need_to_modify,0,2
spare,Tell me about a time when you worked under either extremely close supervision or extremely loose supervision. How did you handle that?,bank,All Positions,general,need_to_modify,0,2
spare,Give me an example of a time you were able to be creative with your work. What was exciting or difficult about it?,bank,All Positions,general,need_to_modify,0,2
spare,Tell me about a time you were dissatisfied in your role. What could have been done to make it better?,bank,All Positions,general,need_to_modify,0,2
spare,What are you looking for in terms of career development?,bank,All Positions,general,need_to_modify,0,2
spare,How do you want to improve yourself in the next year?,bank,All Positions,general,need_to_modify,0,2
spare,What kind of goals would you have in mind if you got this job?,bank,All Positions,general,need_to_modify,0,2
spare,"If I were to ask your last supervisor to provide you additional training or exposure, what would she suggest?",bank,All Positions,general,need_to_modify,0,2
spare,Who has impacted you most in your career and how?,bank,All Positions,general,need_to_modify,0,2
spare,What is your greatest fear?,bank,All Positions,general,need_to_modify,0,2
spare,What is your biggest regret and why?,bank,All Positions,general,need_to_modify,0,2
spare,What's the most important thing you learned in school?,bank,All Positions,general,need_to_modify,0,2
spare,Why did you choose your major?,bank,All Positions,general,need_to_modify,0,2
spare,What will you miss about your present/last job?,bank,All Positions,general,need_to_modify,0,2
spare,What is your greatest achievement outside of work?,bank,All Positions,general,need_to_modify,0,2
spare,What are the qualities of a good leader? A bad leader?,bank,All Positions,general,need_to_modify,0,2
spare,Do you think a leader should be feared or liked?,bank,All Positions,general,need_to_modify,0,2
spare,How do you feel about taking no for an answer?,bank,All Positions,general,need_to_modify,0,2
spare,Give examples of ideas you've had or implemented.,bank,All Positions,general,need_to_modify,0,2
spare,What techniques and tools do you use to keep yourself organized?,bank,All Positions,general,need_to_modify,0,2
spare,What are three positive character traits you don't have?,bank,All Positions,general,need_to_modify,0,2
spare,How do you prioritize your work?,bank,HR,general,need_to_modify,0,2
spare,Tell me about a time an unexpected problem derailed your planning. How did you recover?,bank,All Positions,general,need_to_modify,0,2
spare,Tell me about a time when you had to rely on written communication to get your ideas across.,bank,All Positions,general,need_to_modify,0,2
spare,Describe a time when you were the resident technical expert. What did you do to make sure everyone was able to understand you?,bank,All Positions,general,need_to_modify,0,2
spare,Give me an example of a time when you had to have a difficult conversation with a frustrated client or colleague. How did you handle the situation?,bank,All Positions,general,need_to_modify,0,2
spare,Tell me about a successful presentation you gave and why you think it was a hit.,bank,All Positions,general,need_to_modify,0,2
spare,"If you are talking to a colleague or client from a non-technical background, how do you explain complex technical problems or challenges?",bank,Data Science,general,need_to_modify,0,2
spare,How do you determine if an algorithm needs to be modified?,bank,Data Science,general,need_to_modify,0,2
spare,"When you're working with a large number of customers, it's tricky to deliver excellent service to them all. How do you go about prioritizing your customers??needs?",bank,All Positions,general,need_to_modify,0,2
spare,What happens to the predictions of a CNN if an image is rotated,bank,Data Science,technical,need_to_modify,0,2
spare,What is a convolutional layer & Why do we actually need convolutions Can we use fully-connected layers for that,bank,Data Science,technical,need_to_modify,0,2
spare,What is a dropout layer and how does it help a neural network,bank,Data Science,technical,need_to_modify,0,2
spare,What is an activation function and discuss the use of an activation function,bank,Data Science,technical,need_to_modify,0,2
spare,What is anomaly detection,bank,Data Science,technical,need_to_modify,0,2
spare,What is backpropagation How does it work Why do we need it,bank,Data Science,technical,need_to_modify,0,2
spare,What is bag of words How we can use it for text vectorization,bank,Data Science,technical,need_to_modify,0,2
spare,What is Bayesian inference,bank,Data Science,technical,need_to_modify,0,2
spare,What is gradient descent How does it work,bank,Data Science,technical,need_to_modify,0,2
spare,What is pooling in CNN Why do we need it,bank,Data Science,technical,need_to_modify,0,2
spare,What is RNN and How does an RNN work,bank,Data Science,technical,need_to_modify,0,2
spare,What is the best way to maintain a work-life balance?,bank,All Positions,general,need_to_modify,0,2
spare,Is it possible to parallelize training of a gradient boosting model? How to do it?,bank,Data Science,technical,need_to_modify,0,2
spare,What happens when the learning rate is too large? Too small?,bank,Data Science,technical,need_to_modify,0,2
spare,Can we formulate the search problem as a classification problem? How?,bank,Data Science,technical,need_to_modify,0,2
spare,Possible approaches to solving the cold start problem?,bank,Data Science,technical,need_to_modify,0,2
spare,Can we have both L1 and L2 regularization components in a linear model?,bank,Data Science,technical,need_to_modify,0,2
spare,Can we use L1 regularization for feature selection?,bank,Data Science,technical,need_to_modify,0,2
spare,Can we use L2 regularization for feature selection?,bank,Data Science,technical,need_to_modify,0,2
spare,Can you tell us how you approach the model training process?,bank,Data Science,technical,need_to_modify,0,2
spare,Do we want to have a constant learning rate or we better change it throughout training?,bank,Data Science,technical,need_to_modify,0,2
spare,Do you know any dimensionality reduction techniques?,bank,Data Science,technical,need_to_modify,0,2
spare,Do you know how DBScan works?,bank,Data Science,technical,need_to_modify,0,2
spare,Do you know how K-means works?,bank,Data Science,technical,need_to_modify,0,2
spare,Feature importance in gradient boosting trees ? what are possible options?,bank,Data Science,technical,need_to_modify,0,2
spare,How can we get training data for our ranking algorithms?,bank,Data Science,technical,need_to_modify,0,2
spare,How can we know which features are more important for the decision tree model?,bank,Data Science,technical,need_to_modify,0,2
spare,How can we use machine learning for search?,bank,Data Science,technical,need_to_modify,0,2
spare,How can we use machine learning for text classification?,bank,Data Science,technical,need_to_modify,0,2
spare,How do we handle categorical variables in decision trees?,bank,Data Science,technical,need_to_modify,0,2
spare,How do we interpret weights in linear models?,bank,Data Science,technical,need_to_modify,0,2
spare,How do we know how many trees we need in random forest?,bank,Data Science,technical,need_to_modify,0,2
spare,How do we select the depth of the trees in random forest?,bank,Data Science,technical,need_to_modify,0,2
spare,How do we train decision trees?,bank,Data Science,technical,need_to_modify,0,2
spare,How do we use SGD (stochastic gradient descent) for training a neural net?,bank,Data Science,technical,need_to_modify,0,2
spare,How do you do an online evaluation of a new ranking algorithm?,bank,Data Science,technical,need_to_modify,0,2
spare,How do you select the number of trees in the gradient boosting model?,bank,Data Science,technical,need_to_modify,0,2
spare,How does a usual fully-connected feed-forward neural network work?,bank,Data Science,technical,need_to_modify,0,2
spare,How does L2 regularization look like in a linear model?,bank,Data Science,technical,need_to_modify,0,2
spare,How L1 regularization looks like in a linear model?,bank,Data Science,technical,need_to_modify,0,2
spare,How large should be N for our bag of words when using N-grams?,bank,Data Science,technical,need_to_modify,0,2
spare,How to choose which augmentations to use?,bank,Data Science,technical,need_to_modify,0,2
spare,How to interpret the AU ROC score?,bank,Data Science,technical,need_to_modify,0,2
spare,How to select K for K-means?,bank,Data Science,technical,need_to_modify,0,2
spare,How to set the learning rate?,bank,Data Science,technical,need_to_modify,0,2
spare,"How we can incorporate implicit feedback (clicks, etc) into our recommender systems?",bank,Data Science,technical,need_to_modify,0,2
spare,How we can initialize the weights of a neural network?,bank,Data Science,technical,need_to_modify,0,2
spare,How we can use neural nets for computer vision?,bank,Data Science,technical,need_to_modify,0,2
spare,If a weight for one variable is higher than for another ? can we say that this variable is more important?,bank,Data Science,technical,need_to_modify,0,2
spare,"If you have a sentence with multiple words, you may need to combine multiple word embeddings into one. How would you do it?",bank,Data Science,technical,need_to_modify,0,2
spare,In which cases AU PR is better than AU ROC?,bank,Data Science,technical,need_to_modify,0,2
spare,Is feature selection important for linear models?,bank,Data Science,technical,need_to_modify,0,2
spare,What are good baselines when building a recommender system?,bank,Data Science,technical,need_to_modify,0,2
spare,What are good unsupervised baselines for text information retrieval?,bank,Data Science,technical,need_to_modify,0,2
spare,What are the advantages and disadvantages of bag of words?,bank,Data Science,technical,need_to_modify,0,2
spare,What are the benefits of a single decision tree compared to more complex models?,bank,Data Science,technical,need_to_modify,0,2
spare,What are the main parameters in the gradient boosting model?,bank,Data Science,technical,need_to_modify,0,2
spare,What are the main parameters of the random forest model?,bank,Data Science,technical,need_to_modify,0,2
spare,What are the other clustering algorithms do you know?,bank,Data Science,technical,need_to_modify,0,2
spare,What are the potential problems with many large trees?,bank,Data Science,technical,need_to_modify,0,2
spare,What are the problems with sigmoid as an activation function?,bank,Data Science,technical,need_to_modify,0,2
spare,What are the problems with using trees for solving time series problems?,bank,Data Science,technical,need_to_modify,0,2
spare,What do we do with categorical variables?,bank,Data Science,technical,need_to_modify,0,2
spare,What happens to our linear regression model if the column z in the data is a sum of columns x and y and some random noise?,bank,Data Science,technical,need_to_modify,0,2
spare,"What happens to our linear regression model if we have three columns in our data: x, y, z ? and z is a sum of x and y?",bank,Data Science,technical,need_to_modify,0,2
spare,What happens when we have correlated features in our data?,bank,Data Science,technical,need_to_modify,0,2
spare,What if we set all the weights of a neural network to 0?,bank,Data Science,technical,need_to_modify,0,2
spare,"What is ""curse of dimensionality""?",bank,Data Science,technical,need_to_modify,0,2
spare,What is collaborative filtering?,bank,Data Science,technical,need_to_modify,0,2
spare,What is gradient boosting trees?,bank,Data Science,technical,need_to_modify,0,2
spare,What is mean average precision at k?,bank,Data Science,technical,need_to_modify,0,2
spare,What is model checkpointing?,bank,Data Science,technical,need_to_modify,0,2
spare,What is precision and recall at k?,bank,Data Science,technical,need_to_modify,0,2
spare,What is the cold start problem?,bank,Data Science,technical,need_to_modify,0,2
spare,What is the PR (precision-recall) curve?,bank,Data Science,technical,need_to_modify,0,2
spare,What kind of regularization techniques are applicable to linear models?,bank,Data Science,technical,need_to_modify,0,2
spare,What regularization techniques for neural nets do you know?,bank,Data Science,technical,need_to_modify,0,2
spare,What's a convolutional layer?,bank,Data Science,technical,need_to_modify,0,2
spare,What's the difference between L2 and L1 regularization?,bank,Data Science,technical,need_to_modify,0,2
spare,What's the difference between random forest and gradient boosting?,bank,Data Science,technical,need_to_modify,0,2
spare,What's the effect of L2 regularization on the weights of a linear model?,bank,Data Science,technical,need_to_modify,0,2
spare,What's the interpretation of the bias term in linear models?,bank,Data Science,technical,need_to_modify,0,2
spare,When would you choose K-means and when DBScan?,bank,Data Science,technical,need_to_modify,0,2
spare,When would you use Adam and when SGD?,bank,Data Science,technical,need_to_modify,0,2
spare,Which feature selection techniques do you know?,bank,Data Science,technical,need_to_modify,0,2
spare,Which hyper-parameter tuning strategies (in general) do you know?,bank,Data Science,technical,need_to_modify,0,2
spare,Which model would you use for text classification with bag of words features?,bank,Data Science,technical,need_to_modify,0,2
spare,Which models do you know for solving time series problems?,bank,Data Science,technical,need_to_modify,0,2
spare,Which optimization techniques for training neural nets do you know?,bank,Data Science,technical,need_to_modify,0,2
spare,Which regularization techniques do you know?,bank,Data Science,technical,need_to_modify,0,2
spare,Why do we need one-hot encoding?,bank,Data Science,technical,need_to_modify,0,2
spare,Why do we need randomization in random forest?,bank,Data Science,technical,need_to_modify,0,2
spare,Would you prefer gradient boosting trees model or logistic regression when doing text classification with bag of words?,bank,Data Science,technical,need_to_modify,0,2
spare,Would you prefer gradient boosting trees model or logistic regression when doing text classification with embeddings?,bank,Data Science,technical,need_to_modify,0,2
spare,What is the normal equation?,bank,Data Science,technical,need_to_modify,0,2
spare,Do you know any other ways to get word embeddings?,bank,Data Science,technical,need_to_modify,0,2
spare,Do you know how to use gradient boosting trees for ranking?,bank,Data Science,technical,need_to_modify,0,2
spare,How can we use clicks data as the training data for ranking algorithms?,bank,Data Science,technical,need_to_modify,0,2
spare,How can we use CNN for text classification?,bank,Data Science,technical,need_to_modify,0,2
spare,How can you use neural nets for text classification?,bank,Data Science,technical,need_to_modify,0,2
spare,How do we decide when to stop training a neural net?,bank,Data Science,technical,need_to_modify,0,2
spare,How do we evaluate classification models?,bank,Data Science,technical,need_to_modify,0,2
spare,How do we select the right regularization parameters?,bank,Data Science,technical,need_to_modify,0,2
spare,How do you approach tuning parameters in XGBoost or LightGBM?,bank,Data Science,technical,need_to_modify,0,2
spare,How is time series different from the usual regression problem?,bank,Data Science,technical,need_to_modify,0,2
spare,Is accuracy always a good metric?,bank,Data Science,technical,need_to_modify,0,2
spare,"What are precision, recall, and F1-score?",bank,Data Science,technical,need_to_modify,0,2
spare,What are the decision trees?,bank,Data Science,technical,need_to_modify,0,2
spare,What are the main parameters of the decision tree model?,bank,Data Science,technical,need_to_modify,0,2
spare,"What if instead of finding the best split, we randomly select a few splits and just select the best from them. Will it work?",bank,Data Science,technical,need_to_modify,0,2
spare,What is a recommender system?,bank,Data Science,technical,need_to_modify,0,2
spare,What is a time series?,bank,Data Science,technical,need_to_modify,0,2
spare,What is accuracy?,bank,Data Science,technical,need_to_modify,0,2
spare,What is K-fold cross-validation?,bank,Data Science,technical,need_to_modify,0,2
spare,What is random forest?,bank,Data Science,technical,need_to_modify,0,2
spare,What is supervised machine learning?,bank,Data Science,technical,need_to_modify,0,2
spare,What methods for solving linear regression do you know?,bank,Data Science,technical,need_to_modify,0,2
spare,What is unsupervised learning?,bank,Data Science,technical,need_to_modify,0,2
spare,What kind of augmentations do you know?,bank,Data Science,technical,need_to_modify,0,2
spare,What kind of CNN architectures for classification do you know?,bank,Data Science,technical,need_to_modify,0,2
spare,What kind of problems neural nets can solve?,bank,Data Science,technical,need_to_modify,0,2
spare,What's the learning rate?,bank,Data Science,technical,need_to_modify,0,2
spare,Which metrics for evaluating regression models do you know?,bank,Data Science,technical,need_to_modify,0,2
spare,Why do we need activation functions?,bank,Data Science,technical,need_to_modify,0,2
spare,What motivates you?,bank,HR,general,need_to_modify,0,2
spare,"Explain the terms Artificial Intelligence (AI), Machine Learning (ML) and Deep Learning?",bank,Data Science,technical,need_to_modify,0,2
spare,What are the different types of Learning/ Training models in ML?,bank,Data Science,technical,need_to_modify,0,2
spare,What is the difference between deep learning and machine learning?,bank,Data Science,technical,need_to_modify,0,2
spare,What is the main key difference between supervised and unsupervised machine learning?,bank,Data Science,technical,need_to_modify,0,2
spare,We look at machine learning software almost all the time. How do we apply Machine Learning to Hardware?,bank,Data Science,technical,need_to_modify,0,2
spare,Explain One-hot encoding and Label Encoding. How do they affect the dimensionality of the given dataset?,bank,Data Science,technical,need_to_modify,0,2
spare,When does regularization come into play in Machine Learning?,bank,Data Science,technical,need_to_modify,0,2
spare,"What is Bias, Variance and what do you mean by Bias-Variance Tradeoff?",bank,Data Science,technical,need_to_modify,0,2
spare,How can we relate standard deviation and variance?,bank,Data Science,technical,need_to_modify,0,2
spare,Is a high variance in data good or bad?,bank,Data Science,technical,need_to_modify,0,2
spare,Explain the handling of missing or corrupted values in the given dataset.,bank,Data Science,technical,need_to_modify,0,2
spare,What is Time series?,bank,Data Science,technical,need_to_modify,0,2
spare,What is a Box-Cox transformation?,bank,Data Science,technical,need_to_modify,0,2
spare,What is the difference between stochastic gradient descent (SGD) and gradient descent (GD)?,bank,Data Science,technical,need_to_modify,0,2
spare,What is the exploding gradient problem while using the back propagation technique?,bank,Data Science,technical,need_to_modify,0,2
spare,Can you mention some advantages and disadvantages of decision trees?,bank,Data Science,technical,need_to_modify,0,2
spare,Explain the differences between Random Forest and Gradient Boosting machines.,bank,Data Science,technical,need_to_modify,0,2
spare,What is a confusion matrix and why do you need it?,bank,Data Science,technical,need_to_modify,0,2
spare,What's a Fourier transform?,bank,Data Science,technical,need_to_modify,0,2
spare,What do you mean by Associative Rule Mining (ARM)?,bank,Data Science,technical,need_to_modify,0,2
spare,What is Marginalisation? Explain the process.,bank,Data Science,technical,need_to_modify,0,2
spare,Explain the phrase ?œCurse of Dimensionality??,bank,Data Science,technical,need_to_modify,0,2
spare,What is the Principle Component Analysis?,bank,Data Science,technical,need_to_modify,0,2
spare,What are outliers? Mention three methods to deal with outliers.,bank,Data Science,technical,need_to_modify,0,2
spare,What is the difference between regularization and normalisation?,bank,Data Science,technical,need_to_modify,0,2
spare,Explain the difference between Normalization and Standardization.,bank,Data Science,technical,need_to_modify,0,2
spare,List the most popular distribution curves along with scenarios where you will use them in an algorithm.,bank,Data Science,technical,need_to_modify,0,2
spare,How do we check the normality of a data set or a feature?,bank,Data Science,technical,need_to_modify,0,2
spare,What is Linear Regression?,bank,Data Science,technical,need_to_modify,0,2
spare,Differentiate between regression and classification.,bank,Data Science,technical,need_to_modify,0,2
spare,What is target imbalance? How do we fix it? A scenario where you have performed target imbalance on data. Which metrics and algorithms do you find suitable to input this data onto?,bank,Data Science,technical,need_to_modify,0,2
spare,When does the linear regression line stop rotating or finds an optimal spot where it is fitted on data?,bank,Data Science,technical,need_to_modify,0,2
spare,Why is logistic regression a type of classification technique and not a regression? Name the function it is derived from?,bank,Data Science,technical,need_to_modify,0,2
spare,What could be the issue when the beta value for a certain variable varies way too much in each subset when regression is run on different subsets of the given dataset?,bank,Data Science,technical,need_to_modify,0,2
spare,What does the term Variance Inflation Factor mean?,bank,Data Science,technical,need_to_modify,0,2
spare,Which machine learning algorithm is known as the lazy learner and why is it called so?,bank,Data Science,technical,need_to_modify,0,2
spare,Is it possible to use KNN for image processing?,bank,Data Science,technical,need_to_modify,0,2
spare,Differentiate between K-Means and KNN algorithms?,bank,Data Science,technical,need_to_modify,0,2
spare,How does the SVM algorithm deal with self-learning?,bank,Data Science,technical,need_to_modify,0,2
spare,What are Kernels in SVM? List popular kernels used in SVM along with a scenario of their applications.,bank,Data Science,technical,need_to_modify,0,2
spare,What is Kernel Trick in an SVM Algorithm?,bank,Data Science,technical,need_to_modify,0,2
spare,What are ensemble models? Explain how ensemble techniques yield better learning as compared to traditional classification ML algorithms.,bank,Data Science,technical,need_to_modify,0,2
spare,What are overfitting and underfitting? Why does the decision tree algorithm suffer often with overfitting problems?,bank,Data Science,technical,need_to_modify,0,2
spare,What is OOB error and how does it occur?,bank,Data Science,technical,need_to_modify,0,2
spare,How do you handle outliers in the data?,bank,Data Science,technical,need_to_modify,0,2
spare,List popular cross validation techniques.,bank,Data Science,technical,need_to_modify,0,2
spare,"Is it possible to test for the probability of improving model accuracy without cross-validation techniques? If yes, please explain.",bank,Data Science,technical,need_to_modify,0,2
spare,How do you assess the statistical significance of an insight?,bank,Data Science,technical,need_to_modify,0,2
spare,A diet pill is given to 9 subjects over six weeks. The average difference in weight (follow up ? baseline) is -2 pounds. What would the standard deviation of the difference in weight have to be for the upper endpoint of the 95% T confidence interval to touch 0?,bank,Data Science,technical,need_to_modify,0,2
spare,"After spending several hours, you are now anxious to build a high accuracy model. As a result, you build 5 GBM models, thinking a boosting algorithm would do the magic. Unfortunately, neither of models could perform better than benchmark score. Finally, you decided to combine those models. Though, ensembled models are known to return high accuracy, but you are unfortunate. Where did you miss?",bank,Data Science,technical,need_to_modify,0,2
spare,"You are compiling a report for user content uploaded every month and notice a spike in uploads in October. In particular, a spike in picture uploads. What might you think is the cause of this, and how would you test it?",bank,Data Science,technical,need_to_modify,0,2
spare,Consider influenza epidemics for two-parent heterosexual families. Suppose that the probability is 17% that at least one of the parents has contracted the disease. The probability that the father has contracted influenza is 12% while the probability that both the mother and father have contracted the disease is 6%. What is the probability that the mother has contracted influenza?,bank,Data Science,technical,need_to_modify,0,2
spare,Explain likely differences between administrative datasets and datasets gathered from experimental studies. What are likely problems encountered with administrative data? How do experimental methods help alleviate these problems? What problem do they bring?,bank,Data Science,technical,need_to_modify,0,2
spare,"What is: lift, KPI, robustness, model fitting, design of experiments, 80/20 rule?",bank,Data Science,technical,need_to_modify,0,2
spare,"Define quality assurance, six sigma.",bank,Data Science,technical,need_to_modify,0,2
spare,"Give examples of data that does not have a Gaussian distribution, nor log-normal.",bank,Data Science,technical,need_to_modify,0,2
spare,What is root cause analysis? How to identify a cause vs. a correlation? Give examples,bank,Data Science,technical,need_to_modify,0,2
spare,Give an example where the median is a better measure than the mean,bank,Data Science,technical,need_to_modify,0,2
spare,Explain what a long-tailed distribution is and provide three examples of relevant phenomena that have long tails. Why are they important in classification and regression problems?,bank,Data Science,technical,need_to_modify,0,2
spare,"Given two fair dices, what is the probability of getting scores that sum to 4? to 8?",bank,Data Science,technical,need_to_modify,0,2
spare,What is the Law of Large Numbers?,bank,Data Science,technical,need_to_modify,0,2
spare,How do you calculate the needed sample size?,bank,Data Science,technical,need_to_modify,0,2
spare,"When you sample, what bias are you inflicting?",bank,Data Science,technical,need_to_modify,0,2
spare,How do you control for biases?,bank,Data Science,technical,need_to_modify,0,2
spare,What are confounding variables?,bank,Data Science,technical,need_to_modify,0,2
spare,What is A/B testing?,bank,Data Science,technical,need_to_modify,0,2
spare,"In a study of emergency room waiting times, investigators consider a new and the standard triage systems. To test the systems, administrators selected 20 nights and randomly assigned the new triage system to be used on 10 nights and the standard system on the remaining 10 nights. They calculated the nightly median waiting time (MWT) to see a physician. The average MWT for the new system was 3 hours with a variance of 0.60 while the average MWT for the old system was 5 hours with a variance of 0.68. Consider the 95% confidence interval estimate for the differences of the mean MWT associated with the new system. Assume a constant variance. What is the interval? Subtract in this order (New System ? Old System).",bank,Data Science,technical,need_to_modify,0,2
spare,You roll a biased coin (p(head)=0.8) five times. What's the probability of getting three or more heads?,bank,Data Science,technical,need_to_modify,0,2
spare,A random variable X is normal with mean 1020 and a standard deviation 50. Calculate P(X>1200),bank,Data Science,technical,need_to_modify,0,2
spare,What is the Central Limit Theorem? Explain it. Why is it important?,bank,Data Science,technical,need_to_modify,0,2
spare,Consider the number of people that show up at a bus station is Poisson with mean 2.5/h. What is the probability that at most three people show up in a four hour period?,bank,Data Science,technical,need_to_modify,0,2
spare,An HIV test has a sensitivity of 99.7% and a specificity of 98.5%. A subject from a population of prevalence 0.1% receives a positive test result. What is the precision of the test (i.e the probability he is HIV positive)?,bank,Data Science,technical,need_to_modify,0,2
spare,You are running for office and your pollster polled hundred people. Sixty of them claimed they will vote for you. Can you relax?,bank,Data Science,technical,need_to_modify,0,2
spare,The homicide rate in Scotland fell last year to 99 from 115 the year before. Is this reported change really noteworthy?,bank,Data Science,technical,need_to_modify,0,2
spare,Infection rates at a hospital above a 1 infection per 100 person-days at risk are considered high. A hospital had 10 infections over the last 1787 person-days at risk. Give the p-value of the correct one-sided test of whether the hospital is below the standard.,bank,Data Science,technical,need_to_modify,0,2
spare,Suppose that diastolic blood pressures (DBPs) for men aged 35?44 are normally distributed with a mean of 80 (mm Hg) and a standard deviation of 10. About what is the probability that a random 35?44 year old has a DBP less than 70?,bank,Data Science,technical,need_to_modify,0,2
spare,"In a population of interest, a sample of 9 men yielded a sample average brain volume of 1,100cc and a standard deviation of 30cc. What is a 95% Student's T confidence interval for the mean brain volume in this new population?",bank,Data Science,technical,need_to_modify,0,2
spare,"There's one box ? has 12 black and 12 red cards, 2nd box has 24 black and 24 red; if you want to draw 2 cards at random from one of the 2 boxes, which box has the higher probability of getting the same color? Can you tell intuitively why the 2nd box has a higher probability",bank,Data Science,technical,need_to_modify,0,2
spare,"To further test the hospital triage system, administrators selected 200 nights and randomly assigned a new triage system to be used on 100 nights and a standard system on the remaining 100 nights. They calculated the nightly median waiting time (MWT) to see a physician. The average MWT for the new system was 4 hours with a standard deviation of 0.5 hours while the average MWT for the old system was 6 hours with a standard deviation of 2 hours. Consider the hypothesis of a decrease in the mean MWT associated with the new treatment. What does the 95% independent group confidence interval with unequal variances suggest vis a vis this hypothesis? (Because there's so many observations per group, just use the Z quantile instead of the T.)",bank,Data Science,technical,need_to_modify,0,2
spare,What is the statistical power?,bank,Data Science,technical,need_to_modify,0,2
spare,"Explain selection bias (with regard to a dataset, not variable selection). Why is it important? How can data management procedures such as missing data handling make it worse?",bank,Data Science,technical,need_to_modify,0,2
spare,Provide a simple example of how an experimental design can help answer a question about behavior. How does experimental data contrast with observational data?,bank,Data Science,technical,need_to_modify,0,2
spare,Is mean imputation of missing data acceptable practice? Why or why not?,bank,Data Science,technical,need_to_modify,0,2
spare,"What is an outlier? Explain how you might screen for outliers and what would you do if you found them in your dataset. Also, explain what an inlier is and how you might screen for them and what would you do if you found them in your dataset.",bank,Data Science,technical,need_to_modify,0,2
spare,How do you handle missing data? What imputation techniques do you recommend?,bank,Data Science,technical,need_to_modify,0,2
spare,Why is it necessary to introduce non-linearities in a neural network?,bank,Data Science,technical,need_to_modify,0,2
spare,What is the idea behind GANs?,bank,Data Science,technical,need_to_modify,0,2
spare,What are the advantages of using Batchnorm?,bank,Data Science,technical,need_to_modify,0,2
spare,What is multi-task learning? When should it be used?,bank,Data Science,technical,need_to_modify,0,2
spare,What is end-to-end learning? Give a few of its advantages.,bank,Data Science,technical,need_to_modify,0,2
spare,What happens if we use a ReLU activation and then a sigmoid as the final layer?,bank,Data Science,technical,need_to_modify,0,2
spare,How to solve the exploding gradient problem?,bank,Data Science,technical,need_to_modify,0,2
spare,Is it necessary to shuffle the training data when using batch gradient descent?,bank,Data Science,technical,need_to_modify,0,2
spare,"When using mini batch gradient descent, why is it important to shuffle the data?",bank,Data Science,technical,need_to_modify,0,2
spare,Describe some hyperparameters for transfer learning.,bank,Data Science,technical,need_to_modify,0,2
spare,Is dropout used on the test set?,bank,Data Science,technical,need_to_modify,0,2
spare,Describe two ways of dealing with the vanishing gradient problem in a neural network.,bank,Data Science,technical,need_to_modify,0,2
spare,Explain why dropout in a neural network acts as a regularizer.,bank,Data Science,technical,need_to_modify,0,2
spare,Give examples in which a many-to-one RNN architecture is appropriate.,bank,Data Science,technical,need_to_modify,0,2
spare,When can't we use BiLSTM? Explain what assumption has to be made.,bank,Data Science,technical,need_to_modify,0,2
spare,True/false: adding L2 regularization to a RNN can help with the vanishing gradient problem.,bank,Data Science,technical,need_to_modify,0,2
spare,Suppose the training error/cost is high and that the validation cost/error is almost equal to it. What does it mean? What should be done?,bank,Data Science,technical,need_to_modify,0,2
spare,Describe how L2 regularization can be explained as a sort of a weight decay.,bank,Data Science,technical,need_to_modify,0,2
spare,What are some advantages in using a CNN (convolutional neural network) rather than a DNN (dense neural network) in an image classification task?,bank,Data Science,technical,need_to_modify,0,2
spare,Describe two ways to visualize features of a CNN in an image classification task.,bank,Data Science,technical,need_to_modify,0,2
spare,"Is trying the following learning rates: 0.1,0.2,??0.5 a good strategy to optimize the learning rate?",bank,Data Science,technical,need_to_modify,0,2
spare,Suppose you have a NN with 3 layers and ReLU activations. What will happen if we initialize all the weights with the same value? what if we only had 1 layer (i.e linear/logistic regression?),bank,Data Science,technical,need_to_modify,0,2
spare,Explain the idea behind the Adam optimizer.,bank,Data Science,technical,need_to_modify,0,2
spare,"Compare batch, mini-batch and stochastic gradient descent.",bank,Data Science,technical,need_to_modify,0,2
spare,What is data augmentation? Give examples.,bank,Data Science,technical,need_to_modify,0,2
spare,You are given a train data set having 1000 columns and 1 million rows. The data set is based on a classification problem. Your manager has asked you to reduce the dimension of this data so that model computation time can be reduced. Your machine has memory constraints. What would you do? (You are free to make practical assumptions.),bank,Data Science,technical,need_to_modify,0,2
spare,"Is rotation necessary in PCA? If yes, Why? What will happen if you don't rotate the components?",bank,Data Science,technical,need_to_modify,0,2
spare,You are given a data set. The data set has missing values which spread along 1 standard deviation from the median. What percentage of data would remain unaffected? Why?,bank,Data Science,technical,need_to_modify,0,2
spare,You are given a data set on cancer detection. You've build a classification model and achieved an accuracy of 96%. Why shouldn't you be happy with your model performance? What can you do about it?,bank,Data Science,technical,need_to_modify,0,2
spare,Why is naive Bayes so ?˜naive???,bank,Data Science,technical,need_to_modify,0,2
spare,"Explain prior probability, likelihood and marginal likelihood in context of naiveBayes algorithm?",bank,Data Science,technical,need_to_modify,0,2
spare,"You are working on a classification problem. For validation purposes, you've randomly sampled the training data set into train and validation. You are confident that your model will work incredibly well on unseen data since your validation accuracy is high. However, you get shocked after getting poor test accuracy. What went wrong?",bank,Data Science,technical,need_to_modify,0,2
spare,"You are working on a time series data set. You manager has asked you to build a high accuracy model. You start with the decision tree algorithm, since you know it works fairly well on all kinds of data. Later, you tried a time series regression model and got higher accuracy than decision tree model. Can this happen? Why?",bank,Data Science,technical,need_to_modify,0,2
spare,You came to know that your model is suffering from low bias and high variance. Which algorithm should you use to tackle it? Why?,bank,Data Science,technical,need_to_modify,0,2
spare,"You are given a data set. The data set contains many variables, some of which are highly correlated and you know about it. Your manager has asked you to run PCA. Would you remove correlated variables first? Why?",bank,Data Science,technical,need_to_modify,0,2
spare,"You have data on the duration of calls to a call center. Generate a plan for how you would code and analyze these data. Explain a plausible scenario for what the distribution of these durations might look like. How could you test, even graphically, whether your expectations are borne out?",bank,Data Science,technical,need_to_modify,0,2
spare,How is kNN different from kmeans clustering?,bank,Data Science,technical,need_to_modify,0,2
spare,How is True Positive Rate and Recall related? Write the equation.,bank,Data Science,technical,need_to_modify,0,2
spare,"You have built a multiple regression model. Your model R-squared isn't as good as you wanted. For improvement, your remove the intercept term, your model R-squared becomes 0.8 from 0.3. Is it possible? How?",bank,Data Science,technical,need_to_modify,0,2
spare,"After analyzing the model, your manager has informed that your regression model is suffering from multicollinearity. How would you check if he's true? Without losing any information, can you still build a better model?",bank,Data Science,technical,need_to_modify,0,2
spare,When is Ridge regression favorable over Lasso regression?,bank,Data Science,technical,need_to_modify,0,2
spare,Rise in global average temperature led to decrease in number of pirates around the world. Does that mean that decrease in number of pirates caused the climate change?,bank,Data Science,technical,need_to_modify,0,2
spare,"While working on a data set, how do you select important variables? Explain your methods.",bank,Data Science,technical,need_to_modify,0,2
spare,What is the difference between covariance and correlation?,bank,Data Science,technical,need_to_modify,0,2
spare,"Is it possible capture the correlation between continuous and categorical variable? If yes, how?",bank,Data Science,technical,need_to_modify,0,2
spare,"Both being tree based algorithm, how is random forest different from Gradient boosting algorithm (GBM)?",bank,Data Science,technical,need_to_modify,0,2
spare,Running a binary classification tree algorithm is the easy part. Do you know how does a tree splitting takes place i.e. how does the tree decide which variable to split at the root node and succeeding nodes?,bank,Data Science,technical,need_to_modify,0,2
spare,"You've built a random forest model with 10000 trees. You got delighted after getting training error as 0.00. But, the validation error is 34.23. What is going on? Haven't you trained your model perfectly?",bank,Data Science,technical,need_to_modify,0,2
spare,You've got a data set to work having p (no. of variable) > n (no. of observation). Why is OLS as bad option to work with? Which techniques would be best to use? Why?,bank,Data Science,technical,need_to_modify,0,2
spare,"We know that one hot encoding increasing the dimensionality of a data set. But, label encoding doesn't. How ?",bank,Data Science,technical,need_to_modify,0,2
spare,What cross validation technique would you use on time series data set? Is it k-fold or LOOCV?,bank,Data Science,technical,need_to_modify,0,2
spare,"You are given a data set consisting of variables having more than 30% missing values? Let's say, out of 50 variables, 8 variables have missing values higher than 30%. How will you deal with them?",bank,Data Science,technical,need_to_modify,0,2
spare,What do you understand by Type I vs Type II error ?,bank,Data Science,technical,need_to_modify,0,2
spare,You're about to get on a plane to Seattle. You want to know if you should bring an umbrella. You call 3 random friends of yours who live there and ask each independently if it's raining. Each of your friends has a 2/3 chance of telling you the truth and a 1/3 chance of messing with you by lying. All 3 friends tell you that ?œYes??it is raining. What is the probability that it's actually raining in Seattle?,bank,Data Science,technical,need_to_modify,0,2
spare,"You have been asked to evaluate a regression model based on R-squared, adjusted R-squared and tolerance. What will be your criteria?",bank,Data Science,technical,need_to_modify,0,2
spare,"In k-means or kNN, we use euclidean distance to calculate the distance between nearest neighbors. Why not manhattan distance ?",bank,Data Science,technical,need_to_modify,0,2
spare,Explain machine learning to me like a 5 year old.,bank,Data Science,technical,need_to_modify,0,2
spare,I know that a linear regression model is generally evaluated using Adjusted R-squared or F value. How would you evaluate a logistic regression model?,bank,Data Science,technical,need_to_modify,0,2
spare,"Considering the long list of machine learning algorithm, given a data set, how do you decide which one to use?",bank,Data Science,technical,need_to_modify,0,2
spare,Do you suggest that treating a categorical variable as continuous variable would result in a better predictive model?,bank,Data Science,technical,need_to_modify,0,2
spare,When does regularization becomes necessary in Machine Learning?,bank,Data Science,technical,need_to_modify,0,2
spare,What do you understand by Bias Variance trade off?,bank,Data Science,technical,need_to_modify,0,2
spare,OLS is to linear regression. Maximum likelihood is to logistic regression. Explain the statement.,bank,Data Science,technical,need_to_modify,0,2
spare,What do you like most about working in Data Scientists?,bank,Data Science,general,need_to_modify,0,2
spare,"What do you see as a major event, trend or change that will change DS in the next five years?",bank,Data Science,general,need_to_modify,0,2
spare,Who is your mentor in the Data Science field?,bank,Data Science,general,need_to_modify,0,2
spare,What subjects interested you the most during your college days?,bank,All Positions,general,need_to_modify,0,2
spare,Why do you want to work for our company?,bank,All Positions,general,need_to_modify,0,2
spare,Can you describe your management style?,bank,All Positions,general,need_to_modify,0,2
spare,"Have you dealt with an unethical situation in your previous roles? If you have, share an example.",bank,All Positions,general,need_to_modify,0,2
spare,"Have you handled or led a team comprised of workers from different backgrounds? If you have, can you share your experience with us?",bank,All Positions,general,need_to_modify,0,2
spare,How do you win the cooperation of members of a team you are leading?,bank,All Positions,general,need_to_modify,0,2
spare,What is the difference between a group and a team? Do you consider yourself a team player?,bank,All Positions,general,need_to_modify,0,2
spare,What experience do you have with cost reduction efforts?,bank,All Positions,general,need_to_modify,0,2
spare,Do you think there is a link between company culture and performance/output? Why or why not?,bank,All Positions,general,need_to_modify,0,2
spare,Have you ever had to handle a situation where someone or a group of people were insensitive to another employee's race/religion/culture/background? How did you handle the situation? Would you handle it the same today or differently?,bank,All Positions,general,need_to_modify,0,2
spare,How do you motivate yourself when faced with repetitive or tedious tasks?,bank,All Positions,general,need_to_modify,0,2
spare,What makes you qualified for this position?,bank,All Positions,general,need_to_modify,0,2
spare,What is your greatest strength as a leader?,bank, All Positions,general,need_to_modify,0,2
spare,What is your approach to giving feedback?,bank,All Positions,general,need_to_modify,0,2
spare,How would you define success in this role?,bank,All Positions,general,need_to_modify,0,2
spare,What are some strategies you use to meet deadlines?,bank,All Positions,general,need_to_modify,0,2
spare,How do you handle conflict in the workplace?,bank,All Positions,general,need_to_modify,0,2
spare,Do you consider yourself capable of leading a team?,bank,All Positions,general,need_to_modify,0,2
spare,What's the normal distribution? Why do we care about it?,bank,Data Science,technical,need_to_modify,0,2
spare,What software would you use to make your role effective?,bank,All Positions,general,need_to_modify,0,2
spare,How do you describe your management style?,bank,All Positions,general,need_to_modify,0,2
spare,What software or tools do you believe best help with your role?,bank,All Positions,general,need_to_modify,0,2
spare,"When it comes to leadership, What is your style?",bank,All Positions,general,need_to_modify,0,2
spare,Describe an ideal workplace for you.,bank,All Positions,general,need_to_modify,0,2
